{
  "class_names": [
    "-K",
    "-N",
    "-P",
    "FN"
  ],
  "num_classes": 4,
  "input_size": [
    224,
    224
  ],
  "best_val_acc": 97.5,
  "metrics": {
    "accuracy": 97.5,
    "precision": 0.976388888888889,
    "recall": 0.975,
    "f1_score": 0.9748136645962733
  }
}